-- tipo de documento
insert into neo_library.document_type (id_type_document,nomb_type_document,acronym_doc) values
(01,'cedula de ciudadania','CC'),
(02,'tarjeta de identidad','TI'),
(03,'cedula de extranjeria','CE'),
(04,'pasaporte','PAS');
--  editorial
insert into neo_library.editorial (id_editorial,name_editorial) values
(999,'DESCONOCIDA'),
(01,'KINGKOLOR'),
(02,'MOMO EDICIONES'),
(03,'EDTORIAL ATENA'),
(04,'BOOKET'),
(05,'EDITORIAL CUPIDO'),
(06,'LAROUSSE'),
(07,'EDUCAR EDITORES'),
(08,'EDITORIAL ANDES'),
(09,'EL TIEMPO'),
(10,'FOLIO EDICIONES DEL PRADO'),
(11,'REAL ANDINA DE PUBLICACIONES'),
(12,'GRUPO EDITORIAL NORMA'),
(13,'EDITORIAL ARIEL'),
(14,'BLUE SKY MEDIA NETWORK');
-- Aurtor
insert into neo_library.writer (id_writer,name_writer) values
(999,'Anonimo'),
(01,'Gustavo Alvarez Gardeazabal'),
(02,'Esteban Echeverria'),
(03,'Miguel de Cervantes Saavedra'),
(05,'Richard Bach'),
(06,'Fernando savater'),
(07,'Ramón Garcia Domiínguez'),
(08,'Gabriel Garcia Márquez'),
(09,'Juan Rodríguez Freyle'),
(10,'José Zorrilla'),
(11,'Conor McAlinden'),
(12,'Nicola Escario Connolly'),
(13,'Jorge Isaacs'),
(14,'Antoine de Saint-Exupéry'),
(15,'Alonso Salazar J.'),
(16,'Asdrúbal López Orozco'),
(17,'JUlio César Poveda Vargas'),
(19,'Caroline Bretherton'),
(20,'Kristan Raines'),
(21,'Oscar Wilde'),
(22,'Rudyard Kipling'),
(23,'Compilacion Por la editorial');
-- genero 
insert into neo_library.genre (id_genre,name_genre) values 
(01,'Educativo'),
(02,'Documento'),
(03,'Aventuras'),
(04,'Ciencia Ficción'),
(05,'Policíaca'),
(06,'Terror y misterio'),
(07,'Romántica'),
(08,'Comedia'),
(09,'Poesía'),
(10,'Mitología'),
(11,'Teatro'),
(12,'Cuento'),
(13,'Novela'),
(14,'Leyenda'),
(15,'Oda'),
(16,'Drama'),
(17,'Fabula'),
(18,'Ensayo'),
(19,'Compilacion');
-- server email
insert into neo_library.server_mail (id_mail,mail) values
(011,'neobib@libserver.com');
-- log de errores
insert into neo_library.log_error (id_error,description_error) values
(001,'No se puedo conectar con el servidor'),
(002,'Sin espacio en el servidor'),
(003,'Usuario inexistente'),
(004,'Libro no disponible');
--  libros (1=disponible / 2=NO disponible)
insert into neo_library.book (id_book,title,availability,coments,fk_Editorial) values
('001','Ecologia & Medio ambiente',1,'Una enciclopedia sobre el medio ambiente con pasta dura y todas sus hojas estan sueltas',09),
('002','HABLE INGLÉS',2,'Una enciclopedia-guia de EL TIEMPO en colaboracion con LAROUSSE  de pasta dura y todas sus hojas estan sueltas',09),
('005','DICCIONARIO BILINGÜE ILUSTRADO ESPAÑOL-INGLES,',1,'pasta gastada y con (F-LÍO 4) en su portada',06),
('008','LOS HERMANOS DE MOWGLI-EL GIGANTE EGOÍSTA',2,'libro compuesto por dos cuentos crtos ilustrados',09),
('010','RESUMEN DEL BACHILLERATO rbd 3',2,'LIbro de pasta roja parte de la coleccion de resumen del bachillerato (editorial universitaria de america)',08),
('011','RESUMEN DEL BACHILLERATO rbd 2',1,'LIbro de pasta roja parte de la coleccion de resumen del bachillerato (editorial universitaria de america)',08),
('012','RESUMEN DEL BACHILLERATO rbd 6',1,'LIbro de pasta roja parte de la coleccion de resumen del bachillerato (editorial universitaria de america)',08),
('016','POPOL VUH',1,'ha exepcion de un nombre escrito en su interior esta en perfecto estado',05),
('017','Mitos y Leyendas de colombia',1,'compilacion; se encuentra en un estado desgastado',01),
('019','El lazarillo de tormes',2,'Estado perfecto',03),
('023','CURSO DE INGLÉS',2,'Tiene dos discos incluidos',14),
('025','El carnero',1,'Alguien dibujo una cara en su interior',03),
('027','¡Por todos los dioses!',2,'Deteriorado por la humedad',12),
('029','Juan Salvador Gaviota',1,'Se encuentra en perfecto estado',999),
('030','El ingenioso hidalgo Don Quijote de la Mancha',1,'Incluye guia de lectura',03);
insert into neo_library.book (id_book,title,availability,fk_Editorial) values
('003','INGLÉS junior',1,09),
('004','Diccionario ilustrado de inglés',2,09),
('006','EGIPTO VOLUMEN II',1,10),
('007','GRECIA VOLUMEN I',1,10),
('009','Postres paso a paso',1,10),
('013','RESUMEN DEL BACHILLERATO rbd 5',1,08),
('014','RESUMEN DEL BACHILLERATO rbd 1',2,08),
('015','Química 10',2,07),
('018','No nacimos pa semilla',1,04),
('020','Poema de mio cid',2,03),
('021','El principito',1,999),
('022','María',2,03),
('024','Don juan Tenorio',1,02),
('026','El coronel no tiene quien le escriba',1,999),
('028','Ética para amador',2,13),
('031','El matadero',1,03),
('032','Constitucion politica de colombia',1,01),
('033','Gran diccionario Sinonimos y antonimos',1,11),
('034','Condores no entierran todos los dias',1,999);
-- libro_genero
insert into neo_library.book_genre (fk_id_genre,fk_id_book) values
(01,'001'),
(19,'001'),
(01,'002'),
(19,'002'),
(01,'005'),
(12,'008'),
(17,'008'),
(01,'010'),
(01,'011'),
(01,'012'),
(19,'010'),
(19,'011'),
(19,'012'),
(13,'016'),
(10,'016'),
(10,'017'),
(14,'017'),
(17,'017'),
(13,'019'),
(01,'023'),
(01,'025'),
(04,'027'),
(10,'027'),
(15,'027'),
(13,'029'),
(13,'030'),
(16,'030'),
(17,'030'),
(01,'003'),
(19,'003'),
(01,'004'),
(19,'004'),
(01,'006'),
(19,'006'),
(01,'007'),
(19,'007'),
(19,'009'),
(01,'013'),
(19,'013'),
(01,'014'),
(19,'014'),
(01,'015'),
(13,'018'),
(16,'018'),
(09,'020'),
(13,'020'),
(04,'021'),
(12,'021'),
(13,'024'),
(13,'026'),
(13,'028'),
(13,'031'),
(16,'031'),
(02,'032'),
(01,'033'),
(13,'034');
-- libros autor
INSERT INTO neo_library.book_writer (fk_id_writer,fk_id_book) values
(999,'020'),
(999,'019'),
(999,'016'),
(01,'034'),
(02,'031'),
(03,'030'),
(05,'029'),
(06,'028'),
(07,'027'),
(08,'026'),
(09,'025'),
(10,'024'),
(11,'023'),
(12,'023'),
(13,'022'),
(14,'021'),
(15,'018'),
(16,'017'),
(17,'015'),
(19,'009'),
(20,'009'),
(21,'008'),
(22,'008'),
(23,'033'),
(23,'032'),
(23,'010'),
(23,'011'),
(23,'012'),
(23,'013'),
(23,'014'),
(23,'006'),
(23,'007'),
(23,'003'),
(23,'004'),
(23,'005'),
(23,'002'),
(23,'001');
-- usuarios 
insert into neo_library.useer (document_user,fk_type_document,first_name,sec_name,surname,sec_surname,password_ad,email,address,cell_phone) values
(1000157963,01,'Andres','Camilo','Espitia','Oviedo',sha('contraseña1'),'acamespi15@gmail.com','Diag. 15s # 83-54',3196652521),
(1000265894,01,'David','Alejandro','Peña','Nieto',sha('contraseña2'),'davidalejam@hotmail.com','cra 18 # 1-15',3153126688),
(7925551,01,'Alberto','ruben','Cifuentes','Camacho',sha('password8'),'albru2025@hotmail.com','cll 6 # 7 -25',3212586369),
(2020770,03,'valeria','andrea','castro','mora',sha('password7'),'vampes256@gmail.com','Trans 8.# 59 -65',3225869412),
(1000156896,01,'Valeria','Katalina','esposito','garcia',sha('contrasena1'),'valkat18@gmail.com','calle 5 bis # 18-95',321123569),
(1002001234,02,'Esteban','juan','penagos','molano',sha('contraseña'),'estebanj22@hotmail.com','cr 56b #18-73',314446571),
(1000500968,02,'Michel','david','Uribe','Galvis',sha('contrasena5'),'micheldad55@hotmail.com','cll 6 # 9-11',3132856425),
(1000135692,03,'juan','David','Pedroso','Cortes',sha('contrasena15'),'juanocortes@hotmail.com','cra 18 # 14-16',3218004422),
(1000156986,01,'juan','David','López','romero',sha('contraseña57'),'juanspider39@hotmail.com','calle 2 norte # 11-09',3142591265),
(1000165489,01,'oscar','andres','cardenas','garces',sha('contraseña19'),'andresiocarga@hotmail.com','cll 8 sur # 72 d 87',3224435450);
insert into neo_library.useer (document_user,fk_type_document,first_name,surname,password_ad,email,address,cell_phone) values 
(72926648,01,'IGNACIO','ZAPATA',sha('contraseñak'),'ignacio.zapata@gmail.com','calle 7 # 19-58',3173745474),
(80265982,03,'MARIO','ZAMARA',sha('contraseñan'),'mzamara@gmail.com','trans 8 # 58-6',3132658512),
(10001569,02,'IGNACIO','VASQUEZ',sha('contraseñañ'),'j_nacho_v_c_@hotmail.com','cll  8 # 6-5',3153128855),
(10001235,01,'HORACIO','VALENCIA',sha('contrasewa'),'hvalenciagana@gmail.com','cra 56 # 15-11',3196725896),
(1000302561,02,'VICTOR','VALENZUELA',sha('contrasenar'),'victorvalenzuelal@gmail.com','cra 18 # 10-16',3119586035),
(1000165654,01,'CLAUDIA','VERA',sha('contraseyar'),'claudia_verad@hotmail.com','calle 9 # 7-25',3405867293),
(1000589215,01,'ALEJANDRA','TORRES',sha('contraseky'),'aleproduc@hotmail.com','Cra 15 # 10-15',3156873945),
(1000652889,01,'CAMILO','TOBAR',sha('contrasky'),'camilo_tta_panda@hotmail.com','calle 7 # 68-30',3294678763);
-- admin
insert into neo_library.admin (id_admin,fk_id_user) values
(101,1000157963),
(102,1000165489);
-- clientes
insert into neo_library.cliient (id_client,fk_id_user,observation) values
(1001,1000265894,'No ha devuelto el ultimo prestamo'),
(1002,7925551,'devuelve en la fecha y buen estado'),
(1003,2020770,'devuelve en la fecha y buen estado'),
(1004,1000156896,'No ha devuelto el ultimo prestamo'),
(1005,1002001234,'devuelve en la fecha y buen estado'),
(1006,1000500968,'No ha devuelto el ultimo prestamo'),
(1007,1000135692,'No ha devuelto el ultimo prestamo'),
(1008,1000156986,'devuelve en la fecha y buen estado');
insert into neo_library.cliient (id_client,fk_id_user) values
(1009,72926648),
(1010,80265982),
(1011,10001569),
(1012,10001235),
(1013,1000302561),
(1014,1000165654),
(1015,1000589215),
(1016,1000652889);
-- prestamos / 1 activo 2 no activo
insert into neo_library.loan (id_loan,date_loan,return_date,current_state,coment,fk_id_client) values
(1001,'2020-05-19 10:51:33','2020-06-02',1,'No lo ha sido devulto aun',1001),
(1002,'2020-02-27 08:35:50','2020-03-7',1,'No lo ha sido devulto aun',1004),
(1003,'2020-07-25 15:05:14','2020-08-01',1,'No lo ha sido devulto aun',1006),
(1004,'2020-08-16 11:11:11','2020-08-30',1,'No lo ha sido devulto aun',1007);
insert into neo_library.loan (id_loan,date_loan,return_date,current_state,fk_id_client) values
(1018,'2020-07-25 15:35:14','2020-08-01',2,1003),
(1005,'2020-08-23 15:10:14','2020-08-30',2,1003),
(1006,'2020-10-25 14:05:14','2020-11-29',1,1002), 
(1007,'2019-07-22 11:05:14','2019-08-01',2,1005),  
(1008,'2020-10-25 09:44:23','2020-11-01',1,1008),
(1009,'2020-07-25 08:50:00','2020-08-01',2,1009), 
(1010,'2020-02-16 16:00:05','2020-03-21',2,1005), 
(1011,'2020-06-22 14:22:12','2020-07-22',2,1003), 
(1012,'2020-09-19 15:55:14','2020-10-01',1,1010),
(1013,'2020-01-25 11:25:14','2020-02-03',2,1011), 
(1014,'2020-06-22 11:05:14','2020-08-03',2,1012), 
(1015,'2020-03-25 12:05:14','2020-04-01',2,1013), 
(1016,'2020-05-22 15:05:14','2020-06-01',2,1015), 
(1017,'2020-06-07 09:15:22','2020-06-29',2,1016);
-- libro prestamo
insert into neo_library.book_loan (fk_id_loan,fk_id_book) values
(1001,'001'),
(1002,'002'),
(1003,'003'),
(1004,'004'),
(1005,'005'),
(1006,'006'),
(1007,'007'),
(1008,'008'),
(1009,'009'),
(1010,'010'),
(1011,'011'),
(1012,'012'),
(1013,'013'),
(1014,'014'),
(1015,'015'),
(1016,'016'),
(1017,'017'),
(1001,'018'),
(1002,'019'),
(1003,'020'),
(1004,'021'),
(1005,'022'),
(1003,'023'),
(1004,'024');
-- ------------------------------------------------------------------------I